INSERT INTO specialty_groups (id, name) VALUES
    (1,  'Anaesthetics'),
    (2,  'Clinical oncology'),
    (3,  'Dental group'),
    (4,  'Emergency Medicine'),
    (5,  'General medicine group'),
    (6,  'Obstetrics & gynecology'),
    (7,  'Paediatric group'),
    (8,  'Pathology group'),
    (9,  'PHM & CHS group'),
    (10, 'Psychiatry group'),
    (11, 'Radiology group'),
    (12, 'Surgical group')
ON CONFLICT (name) DO NOTHING;

INSERT INTO specialties (id, name, group_id) VALUES
    (1,  'Anaesthetics',                              1),
    (2,  'Intensive care medicine',                   1),
    (3,  'Clinical oncology',                         2),
    (4,  'Additional dental specialties',             3),
    (5,  'Dental and maxillofacial radiology',        3),
    (6,  'Endodontics',                               3),
    (7,  'Oral and maxillofacial pathology',          3),
    (8,  'Oral and maxillofacial surgery',            3),
    (9,  'Oral medicine',                             3),
    (10, 'Oral surgery',                              3),
    (11, 'Orthodontics',                              3),
    (12, 'Paediatric dentistry',                      3),
    (13, 'Periodontics',                              3),
    (14, 'Prosthodontics',                            3),
    (15, 'Restorative dentistry',                     3),
    (16, 'Special care dentistry',                    3),
    (17, 'Emergency medicine',                        4),
    (18, 'Acute internal medicine',                   5),
    (19, 'Allergy',                                   5),
    (20, 'Audio vestibular medicine',                 5),
    (21, 'Cardiology',                                5),
    (22, 'Clinical genetics',                         5),
    (23, 'Clinical neurophysiology',                  5),
    (24, 'Clinical pharmacology and therapeutics',    5),
    (25, 'Dermatology',                               5),
    (26, 'Endocrinology and diabetes mellitus',       5),
    (27, 'Gastroenterology',                          5),
    (28, 'General (internal) medicine',               5),
    (29, 'General med practitioner',                  5),
    (30, 'General practice (GP) 6 month training',    5),
    (31, 'Genito-urinary medicine',                   5),
    (32, 'Geriatric medicine',                        5),
    (33, 'Infectious diseases',                       5),
    (34, 'Medical oncology',                          5),
    (35, 'Medical ophthalmology',                     5),
    (36, 'Neurology',                                 5),
    (37, 'Occupational medicine',                     5),
    (38, 'Other',                                     5),
    (39, 'Palliative medicine',                       5),
    (40, 'Rehabilitation medicine',                   5),
    (41, 'Renal medicine',                            5),
    (42, 'Respiratory medicine',                      5),
    (43, 'Rheumatology',                              5),
    (44, 'Sport and exercise medicine',               5),
    (45, 'Community sexual and reproductive health',  6),
    (46, 'Paediatric cardiology',                     7),
    (47, 'Paediatrics',                               7),
    (48, 'Chemical pathology',                        8),
    (49, 'Diagnostic neuropathology',                 8),
    (50, 'Forensic histopathology',                   8),
    (51, 'General pathology',                         8),
    (52, 'Haematology',                               8),
    (53, 'Histopathology',                            8),
    (54, 'Immunology',                                8),
    (55, 'Medical microbiology',                      8),
    (56, 'Paediatric and perinatal pathology',        8),
    (57, 'Virology',                                  8),
    (58, 'Community health service dental',           9),
    (59, 'Community health service medical',          9),
    (60, 'Dental public health',                      9),
    (61, 'General dental practitioner',               9),
    (62, 'Public health medicine',                    9),
    (63, 'Child and adolescent psychiatry',          10),
    (64, 'Forensic psychiatry',                      10),
    (65, 'General psychiatry',                       10),
    (66, 'Old age psychiatry',                       10),
    (67, 'Psychiatry of learning disability',        10),
    (68, 'Psychotherapy',                            10),
    (69, 'Clinical radiology',                       11),
    (70, 'Nuclear medicine',                         11),
    (71, 'Cardiothoracic surgery',                   12),
    (72, 'General surgery',                          12),
    (73, 'Neurosurgery',                             12),
    (74, 'Ophthalmology',                            12),
    (75, 'Otolaryngology',                           12),
    (76, 'Paediatric surgery',                       12),
    (77, 'Plastic surgery',                          12),
    (78, 'Trauma and orthopedic surgery',            12),
    (79, 'Urology',                                  12),
    (80, 'Vascular Surgery',                         12)
ON CONFLICT (name, group_id) DO NOTHING;

INSERT INTO hospitals (id, name, latitude, longitude, address) VALUES
    (1,  'Fred Brooks Hospital',        51.5230, -0.1300, '123 Computing Avenue, London WC1E 6BT'),
    (2,  'Julia Crusher Hospital',      51.5150, -0.1400, '88 Regent Square, London WC1H 8HW'),
    (3,  'Beverly Bashir Hospital',     53.4808, -2.2426, '42 Oxford Road, Manchester M13 9PL'),
    (4,  'Ada Lovelace Hospital',       51.7520, -1.2577, '1 Analytical Close, Oxford OX1 3PN'),
    (5,  'Alan Turing Hospital',        53.4700, -2.2300, '17 Bletchley Street, Manchester M15 6SE'),
    (6,  'Tim Berners-Lee Hospital',    52.2053,  0.1218, '9 Web Lane, Cambridge CB2 1TN'),
    (7,  'Charles Babbage Hospital',    51.4800, -0.0700, '64 Difference Engine Road, London SE10 9NF'),
    (8,  'Maurice Wilkes Hospital',     51.4545, -2.5879, '3 EDSAC Crescent, Bristol BS1 5TR'),
    (9,  'Jocelyn Bell Hospital',       55.9533, -3.1883, '21 Pulsar Park, Edinburgh EH1 2NG'),
    (10, 'Andrew Wiles Hospital',       53.8008, -1.5491, '7 Fermat Court, Leeds LS1 4DY'),
    (11, 'Robin Milner Hospital',       55.8642, -4.2518, '12 ML Street, Glasgow G1 1XQ'),
    (12, 'David Attenborough Hospital', 53.4084, -2.9916, '5 Naturalist Walk, Liverpool L1 8JQ')
ON CONFLICT DO NOTHING;

INSERT INTO hospital_specialties (hospital_id, specialty_id, available_beds) VALUES
    (1, 21, 2),
    (1, 54, 3),
    (1, 17, 4),
    (1, 28, 5),

    (2, 21, 0),
    (2, 17, 3),
    (2, 28, 2),

    (3, 54, 5),
    (3, 49, 4),
    (3, 69, 2),
    (3, 17, 3),
    (3, 53, 2),

    (4, 18, 4),
    (4, 28, 6),
    (4, 47, 3),
    (4, 72, 2),
    (4, 17, 5),

    (5, 21, 3),
    (5, 42, 4),
    (5,  2, 2),
    (5, 17, 6),

    (6,  3, 2),
    (6, 34, 3),
    (6, 52, 4),
    (6, 39, 2),
    (6, 53, 3),

    (7, 47, 5),
    (7, 46, 2),
    (7, 28, 4),
    (7, 17, 3),

    (8, 36, 3),
    (8, 73, 2),
    (8, 17, 4),
    (8, 72, 5),

    (9, 65, 6),
    (9, 66, 3),
    (9, 63, 2),
    (9, 32, 4),

    (10, 21, 1),
    (10, 71, 2),
    (10, 72, 3),
    (10, 17, 4),
    (10,  1, 5),

    (11, 78, 4),
    (11, 17, 5),
    (11,  1, 3),
    (11, 77, 2),

    (12, 25, 2),
    (12, 27, 3),
    (12, 41, 2),
    (12, 26, 3),
    (12, 17, 4)
ON CONFLICT (hospital_id, specialty_id) DO UPDATE
    SET available_beds = EXCLUDED.available_beds,
        version        = 0;
